GENERO ,MARCA,CATEGORIA,CODIGO NUMERICO,NOMBRE,COLOR,TALLES,,,,,,,,,,,,,TOTAL,WEB,FOTO,$COSTO,$PUBLICO,$PAGINA ,%INFLACION 
,,,,,,34,35,36,37,38,39,40,41,42,43,44,45,46,,,,,,,
MUJER,CAVATINI,VARIAS,50-1463,SENRA,AVELLANA,,,,,2,,,,,,,,,2,SI,SI,,,,
MUJER,CAVATINI,VARIAS,58-1601,CASILY,ARENA,,,,1,1,1,,,,,,,,3,SI,SI,,,,
MUJER,CAVATINI,SANDALIAS,58-1526,CEDAR,CHOCOLATE,,,,1,2,1,1,,,,,,,5,SI,SI,,,,
MUJER,CAVATINI,VARIAS,39-1314 45 001,BRENDI,FLOR COMB NEGRO,,,,,,1,1,,,,,0,,2,SI,SI,,,,
MUJER,CAVATINI,VARIAS,39-264 45 066,HUMA,FLOR COMB PERLA,,,1,1,1,1,1,,,,,,,5,SI,SI,,,,
HOMBRE ,CAVATINI,ZAPATO CUERO,70-3550,FLOR,NEGRO,,,,,,,,,,,1,,,1,SI,SI,,,,
HOMBRE ,CAVATINI,ZAPATO CUERO,70-3551,FLOR,NEGRO,,,,,,,,,,1,,,,1,SI,SI,,,,
HOMBRE ,CAVATINI,ZAPATILLA CUERO,70-5002,FLOR CMB,ROJO,,,,,,,1,,,,,,,1,SI,SI,,,,
HOMBRE ,CAVATINI,ZAPATO CUERO,70-3811,FLOR ,CHOCOLATE,,,,,,,,,,,1,,,1,SI,SI,,,,
HOMBRE ,CAVATINI,MOCASIN,70-3980,FLOR ,ANTILOPE,,,,,,,,,,,,,,0,SI,SI,,,,
HOMBRE ,FEBO,MOCASION,801,SUPERCONFORT,NEGRO,,,,,,,,1,,,2,1,,4,SI,SI,,,,
HOMBRE ,FEBO,MOCACION ACORDONADO,314,VESTIR,NEGRO,,,,,,,,,,1,1,,,2,SI,SI,,,,
HOMBRE ,FEBO,ZAPATILLA CUERO,111,-,MARRON,,,,,,,1,,,,1,,,2,SI,SI,,,,
HOMBRE ,FEBO,MOCASIN,321,-,NEGRO,,,,,,,,,,1,,1,,2,SI,SI,,,,
HOMBRE ,FEBO,MOCASIN,323,-,NEGRO,,,,,,,,,,,1,,,1,SI,SI,,,,
MUJER,CAVATINI,ZAPATILLA,39-1333,HADRIA,LATTE,,,,,1,,,1,,,,,,2,SI,SI,,,,
MUJER,CAVATINI,ZAPATILLA,39-1333,HADRIA,PERLA,,,,,2,1,,,,,,,,3,SI,SI,,,,
MUJER,CAVATINI,ZAPATILLA,40-1443,FLOR CMB,PERLA,,,1,,,,1,,,,,,,2,SI,SI,,,,
MUJER,CAVATINI,ZAPATILLA,39-1314,BRENDI,VISON,,,,,1,,,1,,,,,,2,SI,SI,,,,
MUJER,CAVATINI,ZAPATILLA,39-2612,FELY,PELTRE,,,,,1,1,,,,,,,,2,SI,SI,,,,
MUJER,CAVATINI,ZAPATILLA,39-2612,FELY,LATTE,,,,,2,,,,,,,,,2,SI,SI,,,,
MUJER,CAVATINI,ZAPATILLA,39-1323,HALLI,PERLA,,,,,,1,,,,,,,,1,SI,SI,,,,
MUJER,CAVATINI,ZAPATILLA,39-1323,HALLI,HIELO,,,,1,,,,,,,,,,1,SI,SI,,,,
MUJER,CAVATINI,ZAPATILLA,39-2404,NARI,NUDE,,,,,2,,,,,,,,,2,SI,SI,,,,
MUJER,CAVATINI,ZAPATILLA,39-1334,HONNY,ACERO,,,,,1,,,,,,,,,1,SI,SI,,,,
MUJER,CAVATINI,ZAPATILLA,39-1322,HELMI,ANTILOPE,,,,1,1,,,,,,,,,2,SI,SI,,,,
MUJER,CAVATINI,ZAPATILLA,40-1347,COMBINADO,NUDE,,,1,,,,,,,,,,,1,SI,SI,,,,
MUJER,CAVATINI,ZAPATILLA,39-1323,HALLIE,ANTILOPE,,,,1,,,,,,,,,,1,SI,SI,,,,
MUJER,CAVATINI,ZAPATILLA,39-2502,UME,TIZA,,,,,,,,,,,,,,0,SI,SI,,,,
MUJER,CAVATINI,ZAPATILLA,39-2502,UME,NEGRO,,,,1,0,2,,1,,,,,,4,SI,SI,,,,
MUJER,CAVATINI,ZAPATILLA,39-2507,NANIS,PELTRE,,,,1,1,2,,,,,,,,4,SI,SI,,,,
MUJER,CAVATINI,ZAPATILLA,39-1222,NORAH,TIZA,,,,,,1,,,,,,,,1,SI,SI,,,,
MUJER,CAVATINI,ZAPATILLA,40-1855,FANCY,OROCLARO,,,,,1,,,,,,,,,1,SI,SI,,,,
MUJER,CAVATINI,ZAPATILLA,40-1941,SIN NOMBRE,HIELO,,,1,,,1,,,,,,,,2,SI,SI,,,,
MUJER,CAVATINI,ZAPATILLA,40-0820,SIN NOMBRE,ANTILOPE,,,,,,1,1,,,,,,,2,SI,SI,,,,
MUJER,CAVATINI,ZAPATILLA,39-1314,BRENDI,NEGRO,,,1,,,1,,,,,,,,2,SI,SI,,,,
MUJER,CAVATINI,ZAPATILLA,40-1379,SIN NOMBRE,GRAFITO,,,,1,,1,,,,,,,,2,SI,SI,,,,
MUJER,CAVATINI,ZAPATILLA,39-1322,HELLMI,NEGRO,,,,1,2,,,,,,,,,3,SI,SI,,,,
MUJER,CAVATINI,ZAPATILLA,40-1443,SIN NOMBRE,NEGRO,,,1,,,,,,,,,,,1,SI,SI,,,,
MUJER,CAVATINI,ZAPATILLA MOCASIN ,39-1320,HEDEN,VISON,,,1,,1,,,1,,,,,,3,SI,SI,,,,
MUJER,CAVATINI,ZAPATILLA MOCASIN ,40-1256,SIN NOMBRE,VISON,,,,,,,1,,,,,,,1,SI,SI,,,,
MUJER,CAVATINI,ZAPATILLA MOCASIN ,39-1320,HEDEN,GRIS,,,,1,,1,,,,,,,,2,SI,SI,,,,
MUJER,CAVATINI,ZAPATILLA MOCASIN ,39-1320,HEDEN,CAPUCCINO,,,1,1,1,1,,,,,,,,4,SI,SI,,,,
MUJER,CAVATINI,ZAP CAM AIRE TEXTIL,39-2587,BLINK,NATURAL,,,1,,1,0,1,,,,,,,3,SI,SI,,,,
MUJER,CAVATINI,ZAP CAM AIRE TEXTIL,39-2587,BLINK,NEGRO,,,1,2,2,2,,,,,,,,7,SI,SI,,,,
MUJER,CAVATINI,ZAP CAM AIRE TEXTIL,39-2582,COTTON,TEXTIL NEGRO,,,,,1,1,,,,,,,,2,SI,SI,,,,
MUJER,CAVATINI,ZAP CAM AIRE TEXTIL,39-2582,COTTON,MALVA,,,1,2,2,2,1,,,,,,,8,SI,SI,,,,
MUJER,CAVATINI,ZAPTILLA CUERO ,39-1327,HELMI II,SABLE,,,,,,,1,1,,,,,,2,SI,SI,,,,
MUJER,CAVATINI,ZAPTILLA CUERO ,39-1302,HENNA II,PERLA,,,,,,2,,,,,,,,2,SI,SI,,,,
MUJER,CAVATINI,ZAPTILLA CUERO ,39-1304,HITCH,SABLE,,,,,,2,,,,,,,,2,SI,SI,,,,
MUJER,CAVATINI,ZAPTILLA CUERO ,39-1319,HEDEN II,PERLA,,,,,,1,,1,,,,,,2,SI,SI,,,,
MUJER,CAVATINI,ZAPTILLA CUERO ,39-1319,HEDEN II,SABLE,,,,,1,1,,,,,,,,2,SI,SI,,,,
MUJER,CAVATINI,ZAPTILLA CUERO ,39-1306,ERIN II,PERLA,,,,,,1,,1,,,,,,2,SI,SI,,,,
MUJER,CAVATINI,ZAPTILLA CUERO ,40-1388,FLOR GRANEADO,NEGRO,,,,1,1,,,,,,,,,2,SI,SI,,,,
MUJER,CAVATINI,ZAPTILLA CUERO ,50-1465,SIN NOMBRE,ANTILOPE,,,,,,,1,,,,,,,1,SI,SI,,,,
MUJER,CAVATINI,ZAPTILLA CUERO ,50-1465,SASU,SABLE,,,1,1,,1,1,,,,,,,4,SI,SI,,,,
MUJER,CAVATINI,ZAPTILLA CUERO ,40-1524,SIN NOMBRE,CORAL,,,,,,1,,,,,,,,1,SI,SI,,,,
MUJER,CAVATINI,ZAPTILLA CUERO ,39-1308,HAFIR II,OROCLARO,,,1,,,,,,,,,,,1,SI,SI,,,,
MUJER,CAVATINI,ZAPTILLA CUERO ,39-1313,NIZA,LATTE,,,,,,,1,,,,,,,1,SI,SI,,,,
MUJER,CAVATINI,ZAPTILLA CUERO ,39-1311,NAYU,LATTE,,,,,,,1,,,,,,,1,SI,SI,,,,
MUJER,CAVATINI,ZAPATILLA LONA TEXTIL,39-1317,HAFIR ,PERLA,,,1,,,,,,,,,,,1,SI,SI,,,,
MUJER,CAVATINI,SUECO CERRADOS,50-1652,SIN NOMBRE,VISON,,,,,,1,,,,,,,,1,SI,SI,,,,
MUJER,CAVATINI,SUECO CERRADOS,50-1684,SIN NOMBRE,ROJO,,,,1,,,,,,,,,,1,SI,SI,,,,
MUJER,CAVATINI,SANDALIAS,58-1252,LINA,LATTE,,,,2,1,1,1,1,,,,,,6,SI,SI,,,,
MUJER,CAVATINI,SANDALIAS,58-1252,LINA,NUDE,,,,,,,,1,,,,,,1,SI,SI,,,,
MUJER,CAVATINI,SANDALIAS,58-1252,LINA ,PERLA,,,1,,1,,1,,,,,,,3,SI,SI,,,,
MUJER,CAVATINI,SANDALIAS,58-1252,LINA,NEGRO,,,1,1,2,2,1,1,,,,,,8,SI,SI,,,,
MUJER,CAVATINI,SANDALIAS,58-2013,SIN NOMBRE,MAIZ,,,,,1,,,,,,,,,1,SI,SI,,,,
MUJER,CAVATINI,SANDALIAS,48-2342,SIN NOMBRE,NEGRO,,,,1,,,1,,,,,,,2,SI,SI,,,,
MUJER,CAVATINI,SANDALIAS,58-1835,SIN NOMBRE,CORAL,,,1,1,1,,,,,,,,,3,SI,SI,,,,
MUJER,CAVATINI,SANDALIAS,48-2523,NISA,PERLA,,,,1,,1,1,,,,,,,3,SI,SI,,,,
MUJER,CAVATINI,SANDALIAS,48-2518,SIN NOMBRE,MARFIL,,,,,,1,,,,,,,,1,SI,SI,,,,
MUJER,CAVATINI,SANDALIAS,58-1831,SIN NOMBRE,PERLA,,,,1,,,1,,,,,,,2,SI,SI,,,,
MUJER,CAVATINI,SANDALIAS,48-3184,ZANDY,NUDE,,,,1,1,,,,,,,,,2,SI,SI,,,,
MUJER,CAVATINI,SANDALIAS,48-2679,SIN NOMBRE,CAMEL,,,,,,,1,,,,,,,1,SI,SI,,,,
MUJER,CAVATINI,SANDALIAS,58-1234,SIN NOMBRE,ROJO,,,,,1,,,,,,,,,1,SI,SI,,,,
MUJER,CAVATINI,SANDALIAS,58-1567,ARETA,SABLE,,,,1,,,,,,,,,,1,SI,SI,,,,
MUJER,CAVATINI,SANDALIAS,48-2668,SIN NOMBRE,NEGRO,,,1,,,,,,,,,,,1,SI,SI,,,,
MUJER,CAVATINI,SANDALIAS,48-2271,SIN NOMBRE,NATURAL,,,1,,,,,,,,,,,1,SI,SI,,,,
MUJER,CAVATINI,SANDALIAS,58-1125,SIN NOMBRE,OROCLARO,,,,,2,,,1,,,,,,3,SI,SI,,,,
MUJER,CAVATINI,SANDALIAS,58-1132,MEGAN,HIELO,,,,,,,,1,,,,,,1,SI,SI,,,,
MUJER,CAVATINI,SANDALIAS,58-1132,SIN NOMBRE,VIBORA SUELA,,,,,,,1,,,,,,,1,SI,SI,,,,
MUJER,CAVATINI,SANDALIAS,58-1147,LANI,ROSE,,,1,1,,,,,,,,,,2,SI,SI,,,,
MUJER,CAVATINI,SANDALIAS,58-1201,SIN NOMBRE,ALMENDRA,,,,1,,,,,,,,,,1,SI,SI,,,,
MUJER,CAVATINI,SANDALIAS,58-1123,SIN NOMBRE,MAIZ,,,1,,,,,,,,,,,1,SI,SI,,,,
MUJER,CAVATINI,SANDALIA PLATAFORMA,48-3453,GOYA,NEGRO,,,,1,2,,1,,,,,,,4,SI,SI,,,,
MUJER,CAVATINI,SANDALIA PLATAFORMA,48-3443,ATEA,NEGRO,,,1,,1,1,1,,,,,,,4,SI,SI,,,,
MUJER,CAVATINI,SANDALIA PLATAFORMA,48-3443,ATEA,PERLA,,,,1,1,1,,,,,,,,3,SI,SI,,,,
MUJER,CAVATINI,SANDALIA PLATAFORMA,48-3462,GRISELA,NEGRO,,,,1,,1,,,,,,,,2,SI,SI,,,,
MUJER,CAVATINI,SANDALIA PLATAFORMA,48-3462,GRISELA ,VISON,,,,1,2,,,,,,,,,3,SI,SI,,,,
MUJER,CAVATINI,SANDALIA TACO CHINO,48-3110,SIN NOMBRE,CAMEL,,,,2,,,,,,,,,,2,SI,SI,,,,
MUJER,CAVATINI,SANDALIA TACO CHINO,58-2350,SIN NOMBRE,NEGRO,,,,,1,,,,,,,,,1,SI,SI,,,,
MUJER,CAVATINI,SANDALIA CORCHO ,58-2447,LINA,NEGRO,,,1,1,2,,,,,,,,,4,SI,SI,,,,
MUJER,CAVATINI,SANDALIA CORCHO ,58-2450,ARI,LATTE,,,,,2,,,,,,,,,2,SI,SI,,,,
MUJER,CAVATINI,SANDALIA CORCHO ,58-2433,SIN NOMBRE,ROJO,,,,1,,,,,,,,,,1,SI,SI,,,,
MUJER,CAVATINI,SANDALIA CORCHO ,58-2447,LINA,SABLE,,,1,,,,,,,,,,,1,SI,SI,,,,
MUJER,CAVATINI,SANDALIA CORCHO ,58-2380,SIN NOMBRE,MARFIL,,,,1,,,1,,,,,,,2,SI,SI,,,,
MUJER,CAVATINI,SANDALIA CORCHO ,58-2386,SIN NOMBRE,ROJO,,,1,,1,1,,,,,,,,3,SI,SI,,,,
MUJER,CAVATINI,SANDALIA CORCHO ,48-3425,SIN NOMBRE,CAMEL,,,,1,,,,,,,,,,1,SI,SI,,,,
MUJER,CAVATINI,SANDALIA CORCHO ,48-3429,SIN NOMBRE,MARFIL,,,1,,,,,,,,,,,1,SI,SI,,,,
MUJER,CAVATINI,SANDALIA CORCHO ,48-3426,SIN NOMBRE,ROJO,,,,1,,,,,,,,,,1,SI,SI,,,,
MUJER,CAVATINI,SANDALIA CORCHO ,48-2307,CHIA,LATTE,,,,1,,,1,,,,,,,2,SI,SI,,,,
MUJER,CAVATINI,SANDALIA CORCHO ,48-2306,DOLLY,NUDE,,,,1,,,,,,,,,,1,SI,SI,,,,
MUJER,CAVATINI,SANDALIA CORCHO ,48-3442,KEILLI,NUDE,,,,,2,,,,,,,,,2,SI,SI,,,,
MUJER,CAVATINI,SANDALI,58-1267,LINY,PELTRE,,,1,,1,1,1,1,,,,,,5,SI,SI,,,,
MUJER,CAVATINI,SANDALI,58-1679,ANET,LATTE,,,,,,,1,,,,,,,1,SI,SI,,,,
MUJER,CAVATINI,SANDALI,58-1267,LINY,ARENA,,,,1,,,,,,,,,,1,SI,SI,,,,
MUJER,CAVATINI,MOCASIN MUJER ,40-3251,SIN NOMBRE,ROCA,,,,,,1,,,,,,,,1,SI,SI,,,,
MUJER,CAVATINI,MOCASIN MUJER ,40-3305,SIN NOMBRE,PIEDRA,,,,,,1,,,,,,,,1,SI,SI,,,,
MUJER,CAVATINI,MOCASIN MUJER ,50-2012,SIN NOMBRE,BORDO,,,,1,,1,,,,,,,,2,SI,SI,,,,
MUJER,CAVATINI,MOCASIN MUJER ,50-2011,SIN NOMBRE,CHOCOLATE,,,,,1,1,,,,,,,,2,SI,SI,,,,
MUJER,CAVATINI,MOCASIN MUJER ,40-3304,SIN NOMBRE,PIEDRA,,,1,,,,,,,,,,,1,SI,SI,,,,
MUJER,CAVATINI,MOCASIN SUPERCONFORT,50-1718,SIN NOMBRE,CHOCOLATE,,,,,,,,1,,,,,,1,SI,SI,,,,
MUJER,CAVATINI,MOCASIN SUPERCONFORT,50-1711,SIN NOMBRE,ANTILOPE,,,,,,,,1,,,,,,1,SI,SI,,,,
MUJER,CAVATINI,MOCASIN SUPERCONFORT,40-2406,SIN NOMBRE,HABANO,,,1,,,,1,,,,,,,2,SI,SI,,,,
MUJER,CAVATINI,MOCASIN SUPERCONFORT,40-1360,SIN NOMBRE,NEGRO,,,,,,1,,,,,,,,1,SI,SI,,,,
MUJER,CAVATINI,MOCASIN SUPERCONFORT,40-2041,SIN NOMBRE,HABANO,,,,,,1,,,,,,,,1,SI,SI,,,,
MUJER,CAVATINI,MOCASIN SUPERCONFORT,40-2318,SIN NOMBRE,PIEDRA,,,1,,1,,,,,,,,,2,SI,SI,,,,
MUJER,CAVATINI,MOCASIN SUPERCONFORT,40-3010,SIN NOMBRE,ROCA,,,,,,1,,,,,,,,1,SI,SI,,,,
MUJER,CAVATINI,MOCASIN SUPERCONFORT,40-2004,SIN NOMBRE,TABACO,,,,2,,,,,,,,,,2,SI,SI,,,,
MUJER,CAVATINI,MOCASIN SUPERCONFORT,50-1566,SIN NOMBRE,CIGARRO,,,,1,,,,,,,,,,1,SI,SI,,,,
MUJER,CAVATINI,MOCASIN SUPERCONFORT,50-1719,SIN NOMBRE,CIGARRO,,,,1,,,,,,,,,,1,SI,SI,,,,
MUJER,CAVATINI,MOCASIN SUPERCONFORT,50-1717,SIN NOMBRE,CIGARRO,,,,1,,,,,,,,,,1,SI,SI,,,,
MUJER,CAVATINI,BOTAS,42-3373,HELGA,NEGRO,,,,,1,1,,,,,,,,2,SI,SI,,,,
MUJER,CAVATINI,BOTAS,42-3241,SIN NOMBRE,NEGRO,,,,,1,,,,,,,,,1,SI,SI,,,,
MUJER,CAVATINI,BOTAS,42-3657,SIN NOMBRE,NEGRO,,,,,,,1,,,,,,,1,SI,SI,,,,
MUJER,CAVATINI,BOTAS,42-3667,SIN NOMBRE,OSTRA,,,,1,,,,,,,,,,1,SI,SI,,,,
MUJER,CAVATINI,BOTAS,42-3650,SIN NOMBRE,NEGRO,,,1,,,,,,,,,,,1,SI,SI,,,,
MUJER,CAVATINI,BOTAS,42-3023,SIN NOMBRE,NEGRO,,,,1,,,,,,,,,,1,SI,SI,,,,
MUJER,CAVATINI,BOTAS,42-1979,SIN NOMBRE,CHOCOLATE,,,,1,,,,,,,,,,1,SI,SI,,,,
MUJER,CAVATINI,BOTAS,52-1984,SIN NOMBRE,VISON,,,1,,,,,,,,,,,1,SI,SI,,,,
MUJER,CAVATINI,BOTAS,42-3556,SIN NOMBRE,NEGRO,,,,1,,,1,,,,,,,2,SI,SI,,,,
MUJER,CAVATINI,BOTAS,42-4613,SIN NOMBRE,ANTILOPE,,1,1,1,1,1,,,,,,,,5,SI,SI,,,,
MUJER,CAVATINI,BOTAS,42-4612,PIA,ANTILOPE,,,,,2,1,1,,,,,,,4,SI,SI,,,,
MUJER,CAVATINI,BOTAS,42-4612,PIA,NEGRO,,,,2,2,2,2,,,,,,,8,SI,SI,,,,
MUJER,CAVATINI,BOTAS,40-1277,SIN NOMBRE,VISON,,,,,,,1,,,,,,,1,SI,SI,,,,
MUJER,CAVATINI,BOTAS NUEVAS,42-1414,HADIN,VISON,,,1,1,2,1,1,,,,,,,6,SI,SI,,,,
MUJER,CAVATINI,BOTAS NUEVAS,42-1414,HADIN,CARAMELO,,,1,2,2,2,,,,,,,,7,SI,SI,,,,
MUJER,CAVATINI,BOTAS NUEVAS,42-4343,SIN NOMBRE,ANTILOPE,,,,,,1,,,,,,,,1,SI,SI,,,,
MUJER,CAVATINI,BOTAS NUEVAS,42-2552,SIN NOMBRE,SUELA,,,,1,1,1,,,,,,,,3,SI,SI,,,,
MUJER,CAVATINI,BOTAS NUEVAS,42-3215,SUNI,CASTAÑO,,,,1,,1,,,,,,,,2,SI,SI,,,,
MUJER,CAVATINI,BOTAS,52-1587,SAMY,NEGRO,,,,,,,1,1,,,,,,2,SI,SI,,,,
MUJER,CAVATINI,BOTAS,52-1565,SANSI,VISON,,,1,0,,0,,1,,,,,,2,SI,SI,,,,
MUJER,CAVATINI,BOTAS,52-1599,SIN NOMBRE,VISON,,,,,,,,1,,,,,,1,SI,SI,,,,
MUJER,CAVATINI,BOTAS,42-1376,SIN NOMBRE,CHOCOLATE,,,,,,,1,,,,,,,1,SI,SI,,,,
MUJER,CAVATINI,BOTAS,52-1635,PILI,CAPUCCINO,,,,,1,,,,,,,,,1,SI,SI,,,,
MUJER,CAVATINI,BOTAS,52-1387,SIN NOMBRE,ANTILOPE,,,,,,1,,,,,,,,1,SI,SI,,,,
MUJER,CAVATINI,BOTAS,52-1598,CELINE,NEGRO,,,1,,0,1,,,,,,,,2,SI,SI,,,,
MUJER,CAVATINI,BOTAS,52-1565,SANSI,NEGRO,,,,,1,,,,,,,,,1,SI,SI,,,,
MUJER,CAVATINI,BOTAS,52-1633,CESI,VISON,,,,1,1,,,,,,,,,2,SI,SI,,,,
MUJER,CAVATINI,BOTAS,42-4564,SIN NOMBRE,ANTILOPE,,,,,2,,1,,,,,,,3,SI,SI,,,,
MUJER,CAVATINI,BOTAS,52-1962,SIN NOMBRE,CHOCOLATE,,,,1,,,,,,,,,,1,SI,SI,,,,
MUJER,CAVATINI,BOTAS,52-4554,SIN NOMBRE,SUELA,,,,,,1,,,,,,,,1,SI,SI,,,,
MUJER,CAVATINI,BOTAS,42-1419,HELI,ACERO,,,,,1,1,,,,,,,,2,SI,SI,,,,
MUJER,CAVATINI,BOTAS,42-1419,HELI,VISON,,,,,1,1,,,,,,,,2,SI,SI,,,,
MUJER,CAVATINI,BOTAS,42-3187,CARLOT,NEGRO,,,,1,,1,1,,,,,,,3,SI,SI,,,,
MUJER,CAVATINI,BOTAS,42-3187,CARLOT,CASTAÑO,,,,1,1,1,1,1,,,,,,5,SI,SI,,,,
MUJER,CAVATINI,BOTAS,42-3156,BERNA,NEGRO,,,,1,2,1,,,,,,,,4,SI,SI,,,,
MUJER,CAVATINI,BOTAS,42-3187,CARLOT,CENIZA,,,,,2,,,,,,,,,2,SI,SI,,,,
MUJER,CAVATINI,BOTAS,42-4035,MAE,VISON,,,,,1,1,1,1,,,,,,4,SI,SI,,,,
MUJER,CAVATINI,BOTAS,42-4017,SIN NOMBRE,BORDO,,,1,,,,,,,,,,,1,SI,SI,,,,
MUJER,CAVATINI,BOTAS,39-1338,NILS ,ACERO,,,1,1,0,1,1,,,,,,,4,SI,SI,,,,
MUJER,CAVATINI,BOTAS,39-2502,UME,LATTE,,,1,1,1,,1,,,,,,,4,SI,SI,,,,
MUJER,CAVATINI,ZAPATILLAS NEW,39-2511,BRILY,LATTE,,,1,1,,,1,,,,,,,3,SI,SI,,,,
MUJER,CAVATINI,ZAPATILLAS NEW,39-2622,HAMIS,CHOCOLATE,,,1,1,,1,,,,,,,,3,SI,SI,,,,
MUJER,CAVATINI,ZAPATILLAS NEW,39-2621,HUMA,PERLA,,,1,1,1,1,,,,,,,,4,SI,SI,,,,
MUJER,CAVATINI,ZAPATILLAS NEW,39-2621,HUMA,NEGRO,,,,,,1,1,,,,,,,2,SI,SI,,,,
MUJER,CAVATINI,ZAPATILLAS NEW,39-2588,SPARKLE,ACERO,,,1,2,2,2,,,,,,,,7,SI,SI,,,,
MUJER,CAVATINI,ZAPATILLAS NEW,82-4026,COLLINS ,NUDE,,,1,2,0,2,1,,,,,,,6,SI,SI,,,,
MUJER,CAVATINI,ZAPATILLAS NEW,82-4027,NIRA,PERLA,,,1,2,1,2,1,,,,,,,7,SI,SI,,,,
,,,TOTAL PARES,,,,,,,,,,,,,,,,365,,,,,,